{
    "name": "bigquery",
    "name_pretty": "Google Cloud BigQuery",
    "product_documentation": "https://cloud.google.com/bigquery",
    "client_documentation": "https://cloud.google.com/python/docs/reference/bigquery/latest",
    "issue_tracker": "https://issuetracker.google.com/savedsearches/559654",
    "release_level": "stable",
    "language": "python",
    "library_type": "GAPIC_COMBO",
    "repo": "googleapis/python-bigquery",
    "distribution_name": "google-cloud-bigquery",
    "api_id": "bigquery.googleapis.com",
    "requires_billing": false,
    "default_version": "v2",
    "codeowner_team": "@googleapis/api-bigquery",
    "api_shortname": "bigquery",
    "api_description": "is a fully managed, NoOps, low cost data analytics service.\nData can be streamed into BigQuery at millions of rows per second to enable real-time analysis.\nWith BigQuery you can easily deploy Petabyte-scale Databases."
}
